[{"model": "par.company", "pk": 1, "fields": {"name": "Gerling Leben R\u00fcckversicherung"}}, {"model": "par.company", "pk": 2, "fields": {"name": "Revios R\u00fcckversicherung AG"}}, {"model": "par.company", "pk": 3, "fields": {"name": "Globale R\u00fcckversicherungs AG"}}, {"model": "par.company", "pk": 4, "fields": {"name": "SCOR SE"}}, {"model": "par.company", "pk": 5, "fields": {"name": "webfactory GmbH"}}, {"model": "par.company", "pk": 6, "fields": {"name": "KRONOS TITAN GmbH"}}, {"model": "par.skill", "pk": 1, "fields": {"name": "Lernbereitschaft"}}, {"model": "par.skill", "pk": 2, "fields": {"name": "Kundenorientiert"}}, {"model": "par.skill", "pk": 3, "fields": {"name": "Teamorientiert"}}, {"model": "par.skill", "pk": 4, "fields": {"name": "Flexibilit\u00e4t"}}, {"model": "par.skill", "pk": 5, "fields": {"name": "Analytisch"}}, {"model": "par.skill", "pk": 6, "fields": {"name": "Selbst\u00e4ndiges Arbeiten"}}, {"model": "par.skill", "pk": 7, "fields": {"name": "Zukunftsorientiert"}}, {"model": "par.skill", "pk": 8, "fields": {"name": "Unternehmerisches Denken und Handeln"}}, {"model": "par.skill", "pk": 9, "fields": {"name": "Verantwortungsbereitschaft"}}, {"model": "par.skill", "pk": 10, "fields": {"name": "Lernf\u00e4higkeit"}}, {"model": "par.skill", "pk": 11, "fields": {"name": "Zielorientiert"}}, {"model": "par.skill", "pk": 12, "fields": {"name": "Kostenbewusstsein"}}, {"model": "par.skill", "pk": 13, "fields": {"name": "Innovativ"}}, {"model": "par.skill", "pk": 14, "fields": {"name": "Aufgeschlossenheit"}}, {"model": "par.skill", "pk": 15, "fields": {"name": "Praktisches Denken"}}, {"model": "par.skill", "pk": 16, "fields": {"name": "Verhandlungsgeschick"}}, {"model": "par.skill", "pk": 17, "fields": {"name": "Vertrauensw\u00fcrdig"}}, {"model": "par.skill", "pk": 18, "fields": {"name": "Mut"}}, {"model": "par.skill", "pk": 19, "fields": {"name": "Belastbar"}}, {"model": "par.skill", "pk": 20, "fields": {"name": "Blick f\u00fcr Bedarf"}}, {"model": "par.skill", "pk": 21, "fields": {"name": "Einsatzbereitschaft"}}, {"model": "par.skill", "pk": 22, "fields": {"name": "Starke Motivation"}}, {"model": "par.skill", "pk": 23, "fields": {"name": "Engagiert"}}, {"model": "par.skill", "pk": 24, "fields": {"name": "Reduziert auf das Wesentliche"}}, {"model": "par.skill", "pk": 25, "fields": {"name": "Vernetztes Denken"}}, {"model": "par.skill", "pk": 26, "fields": {"name": "Kooperativ"}}, {"model": "par.skill", "pk": 27, "fields": {"name": "Eigenverantwortung"}}, {"model": "par.skill", "pk": 28, "fields": {"name": "Kreativ"}}, {"model": "par.skill", "pk": 29, "fields": {"name": "Durchsetzungsverm\u00f6gen"}}, {"model": "par.skill", "pk": 30, "fields": {"name": "Vorausschauendes Denken"}}, {"model": "par.skill", "pk": 31, "fields": {"name": "Zuverl\u00e4ssigkeit"}}, {"model": "par.skill", "pk": 32, "fields": {"name": "Sicheres Auftreten"}}, {"model": "par.skill", "pk": 33, "fields": {"name": "Strukturiertes Denken"}}, {"model": "par.par", "pk": 1, "fields": {"name": "Entwicklung von LaTeX Vorlagen", "problem": "Um das erstellen von Dokumenten mit vielen mathematischen Formeln zu erleichtern, sollten f\u00fcr alle\r\ng\u00e4ngigen Word Vorlagen, analoge LaTeX Vorlagen erstellt werden. Hierf\u00fcr mussten gleichzeitig die Gerling\r\nSchriftarten in LaTeX verf\u00fcgbar gemacht werden.", "action": "Ich habe mich das erste Mal mit LaTeX besch\u00e4ftigt, es gelernt und mich in das sehr fortschrittliche Thema\r\ndes Einbindens der Schriftarten selbst\u00e4ndig eingearbeitet.", "result": "Die LaTeX Vorlagen inklusive der Schriftarten standen nach drei Monaten zur Verf\u00fcgung und wurden gerne und intensiv von den Kollegen genutzt.", "number": 0, "company": 1, "skills": [1, 3, 4, 5, 6]}}, {"model": "par.par", "pk": 2, "fields": {"name": "Tools zur Bestandsbearbeitung", "problem": "Die Eigenentwicklung einer Software zum Profit-Testing sollte mit Kundendaten gef\u00fcttert werden. Da uns die Bestandsdaten der Kunden in sehr unterschiedlichen Formaten zur verf\u00fcgung gestellt wurden, mussten diese Daten m\u00f6glichst automatisch in ein geeignetes Importformat umgewandelt werden.", "action": "Ich habe zusammen mit einem Kollegen entsprechende Programme erstellt, die diese Umwandlung erledigten. Diese Programme wurden dann soweit vereinfacht und konfigurierbar gemacht, dass auch die technisch weniger versierten Kollegen diese an neue Anforderungen anpassen konnten.", "result": "Mit Hilfe der erstellten Toolsammlung werden seit mehreren Jahren die eingehenden Bestandsdaten unserer Kunden von der jeweiligen Fachabteilung selbst\u00e4ndig aufbereitet.", "number": 1, "company": 1, "skills": [1, 2, 3, 4, 5, 7, 8]}}, {"model": "par.par", "pk": 3, "fields": {"name": "Regressions Tests", "problem": "Die Eigenentwickelte Software zum Profit-Testing sollte von unserem Team auf Fehler getestet werden. Da die Software sich noch in Entwicklung befand, mussten die Tests auf neue Versionen immer wieder ausgef\u00fchrt werden k\u00f6nnen, es sollten also Regressionstests erstellt werden.", "action": "Ich habe zun\u00e4chst eine Dokumentation zu der in der Software enthaltenen Programmiersprache erstellt und dabei gleichzeitig m\u00f6gliche Fehlerquellen identifiziert. Anschlie\u00dfend habe ich die Regressionstests f\u00fcr alle potentiellen Fehlerquellen programmiert und diese durchgef\u00fchrt.", "result": "Durch die Tests konnten mehrere, zum Teil sogar schwerwiegende Fehler entdeckt und ausgemerzt werden. Die Software ist nun bereits seit mehreren Jahren im produktiven Einsatz.", "number": 2, "company": 1, "skills": [4, 5, 6]}}, {"model": "par.par", "pk": 4, "fields": {"name": "Output Makros", "problem": "Die Eigenentwickelte Software zum Profit-Testing hatte kein \u201eFrontend\u201c zur Datenausgabe sondern stattdessen eine Schnittstelle zu Excel, dass dann zur Anzeige der Daten verwendet werden sollte. Um diese Schnittstelle nutzen zu k\u00f6nne wurden VBA Makros ben\u00f6tigt, die die Daten entgegen nehmen und diese im Excel Dokument entsprechend verteilen.", "action": "Ich habe zusammen mit einem Kollegen diese Makros und die zugeh\u00f6rigen Excel Tabellen erstellt und so flexibel gestaltet, dass die Anwender im gewissem Rahmen selbst\u00e4ndig das aussehen und die Formatierung des Ausgabeformats \u00e4ndern und anpassen konnten.", "result": "Die Vorlagen werden seit mehreren Jahren unver\u00e4ndert eingesetzt.", "number": 3, "company": 1, "skills": [1, 2, 3, 4, 5, 7]}}, {"model": "par.par", "pk": 5, "fields": {"name": "Implementierung E-Mail Archivierung", "problem": "Um die gesetzlichen Vorgaben zu erf\u00fcllen, sollte eine revisionssichere E-Mail Archivierung eingef\u00fchrt werden.", "action": "Um zun\u00e4chst die Bedeutung \u201crevisionssicher\u201d abgrenzen zu k\u00f6nnen haben ich und mein Vorgesetzter an verschiedenen Workshops zu diesem Thema teilgenommen. Anschlie\u00dfend haben wir unsere Anforderungen definiert und geeignete L\u00f6sungen gesucht. Im Team haben wir uns auf einen Anbieter geeignet und mit diesem zusammen das System eingef\u00fchrt.", "result": "Das System l\u00e4uft bis heute zufriedenstellend und wir konnten es als Musterkunde auch schon erfolgreich weiteren Kunden des Anbieters weiterempfehlen.", "number": 4, "company": 2, "skills": [1, 5, 8, 9]}}, {"model": "par.par", "pk": 6, "fields": {"name": "Aufbau einer Monitoring Infrastruktur", "problem": "Um die Leistungen unseres Outtasking Partners \u00fcberwachen zu k\u00f6nnen, musste eine Infrastruktur zur \u00dcberwachung der f\u00fcr die internen Prozesse relevanten Dienste geschaffen werden.", "action": "Ich habe die Prozesse identifiziert, beschrieben und dokumentiert, die von der technischen Infrastruktur abh\u00e4ngig sind (z.B. E-Mail, Bestandssytsem, Webzugriff, SAP und weitere Fachanwendungen). Auf Basis dieser Dokumentation und mit Hilfe von Open Source Software habe ich dann ein \u00dcberwachungssystem aufgebaut, das die gefundenen Prozesse \u00fcberwacht und bei Ausfall eines Systems die relevanten Ansprechpartner informiert.", "result": "Diese \u00dcberwachung wird aufgezeichnet, so dass im Nachhinein transparent ist, wie oft und wie lange bestimmte Dienste ggf. ausgefallen sind und damit ein objektives Kriterium f\u00fcr die Qualit\u00e4t des Dienstleisters vorhanden ist.", "number": 5, "company": 2, "skills": [1, 4, 5, 8, 10, 11, 12, 13, 27]}}, {"model": "par.par", "pk": 7, "fields": {"name": "Erneuerung des Dienstleister-Vertrages", "problem": "Nach Auslauf des Rahmenvertrages mit dem ersten IT Dienstleister der Revios, musste ein Nachfolger gefunden, bzw. eine Verl\u00e4ngerung des Vertrages vereinbart werden.", "action": "Ich habe auf Grundlage der in den SLA Verhandlungen gesammelten Erfahrungen mitgeholfen, einen geeigneten Dienstleister zu finden. Dabei habe ich vor allem die ben\u00f6tigten Dienste identifiziert und zusammen mit einem eigens f\u00fcr diesen Zweck eingekauften Berater in eine sehr ausf\u00fchrliche Ausschreibung erstellt.", "result": "Auf Basis der Ausschreibung wurde ein neuer Dienstleister gefunden und die Kosten von ca. 2 Mio. \u20ac auf rund 500 Tsd. \u20ac gesenkt.", "number": 7, "company": 2, "skills": [8, 12, 14, 15]}}, {"model": "par.par", "pk": 8, "fields": {"name": "Definition von SLAs", "problem": "Da bei der Abl\u00f6sung vom Gerling Konzern die vormals zust\u00e4ndige IT Abteilung in eine eigene Gesellschaft ausgegliedert wurde und diese nun als Dienstleister die bisherigen Aufgaben weiterf\u00fchren sollte, musste eine Vertragliche Grundlage f\u00fcr diese Gesch\u00e4ftsbeziehung geschaffen werden. Dies sollte auf Grundlage von sogenannten SLA (Service Level Agreements) erfolgen, die jedoch erst definiert werden mussten.", "action": "Zusammen mit dem Dienstleister und einem Kollegen habe ich versucht, diese SLAs so zu definieren, dass beide Parteien damit einverstanden sind. Wir haben dabei auf die verschiedensten Ressourcen zur\u00fcckgegriffen um immer wieder andere Vorschl\u00e4ge machen zu k\u00f6nnen.", "result": "Die Vorschl\u00e4ge wurden immer wieder abgewiesen und irgendwann lief der bereits bestehende Rahmenvertrag aus, so dass die vorgeschlagenen SLAs nie zu Einsatz gekommen sind. Die Arbeit daran hat uns jedoch die Verhandlung mit neuen Vertragspartner, die im Anschluss statt fanden, sehr erleichtert.", "number": 6, "company": 2, "skills": [1, 3, 8, 16, 33]}}, {"model": "par.par", "pk": 9, "fields": {"name": "Aufbau einer Web Pr\u00e4senz", "problem": "Nach der Verselbst\u00e4ndigung der Revios musste eine eigene Web Pr\u00e4senz geschaffen werden. Hierf\u00fcr gab es ein Projektteam, das meine fachliche Unterst\u00fctzung ben\u00f6tigte.", "action": "Ich habe die eingeholten Angebote verglichen und vorgeschlagen, zun\u00e4chst eine genaue Bedarfsanalyse zu machen um die teilweise recht unterschiedlichen Angebote vergleichbarer machen zu k\u00f6nnen. Hierzu habe ich eine Vorstandsvorlage erstellt und diese spontan (15 Min. Vorwarnzeit) in einem Meeting mit internationaler Beteiligung auf englisch vorgetragen.", "result": "Die Vorlage wurde unver\u00e4ndert \u00fcbernommen und f\u00fcr eine neue Angebotseinholung verwendet. Den Zuschlag bekam dann ein von mir eingebrachter Anbieter.", "number": 8, "company": 2, "skills": [5, 17, 18, 19, 31, 32]}}, {"model": "par.par", "pk": 10, "fields": {"name": "Aufbau eines Intranet", "problem": "Durch die Ausgliederung aus dem Konzern, ging der Revios auch der Zugriff auf das Konzerneigene Intranet verloren, was jedoch erst sehr sp\u00e4t durch die Gesch\u00e4ftsf\u00fchrung thematisiert wurde.", "action": "Aufgrund des enormen Zeitdrucks, der zum Ende des Jahres entstand, haben meine Vorgesetzte und ich in der Zeit zwischen Weihnachten und Sivester teilweise bis Mitternacht daran gearbeitet, die f\u00fcr die Revios relevanten Inhalte im Intranet zu identifizieren und auf einen Server in unserem Hause, den ich zuvor aufgebaut hatte, zu kopieren.", "result": "Am ersten Arbeitstag des Folgejahres standen alle relevanten Inhalte aus dem alten Intranet den Mitarbeitern der Revios uneingeschr\u00e4nkt zur Verf\u00fcgung.", "number": 9, "company": 2, "skills": [1, 19, 20, 21, 23, 30]}}, {"model": "par.par", "pk": 11, "fields": {"name": "Erneuerung Netzwerkinfrastruktur WAN", "problem": "Nach der Ausgliederung aus dem Gerling Konzern, stand die Konzernweite WAN Anbindung nicht mehr kostenlos zur Verf\u00fcgung. Da das Angebot vergleichsweise teuer erschien, sollte zusammen mit der Schwestergesellschaft Globale R\u00fcck eine Ersatzl\u00f6sung gefunden werden.", "action": "Sowohl ein Mitarbeiter der GR als auch ich haben verschiedene Angebote von unterschiedlichen Anbietern verglichen und jeweils eine Entscheidungsgrundlage f\u00fcr die beiden Vorst\u00e4nde der Gesellschaften erstellt.", "result": "Den Zuschlag hat dann schlie\u00dflich der Anbieter mit dem besten Preis- / Leistungsverh\u00e4ltnis, den auch wir in unserem Vorschlag favorisiert hatten (und den ich urspr\u00fcnglich herausgesucht hatte ;-) bekommen. Die WAN Infrastruktur l\u00e4uft bis heute zufriedenstellend.", "number": 13, "company": 2, "skills": [3, 4, 8]}}, {"model": "par.par", "pk": 12, "fields": {"name": "Hardwareerneuerung Bestandssystem", "problem": "Die Hardware des Bestandssystems war zu alt, um den bestehenden Wartungsvertrag zu akzeptablen Konditionen weiter laufen zu lassen und musste daher erneuert werden.", "action": "Ich habe geeignete Hardware heraus gesucht und verschiedene Angebote hierzu eingeholt. Da f\u00fcr die Systeme auf ein gemeinsam genutztes Speichersystem zugreifen, habe ich mich erkundigt, ob das SAN, das wir bereits f\u00fcr die Storage Infrastruktur verwendet haben, auch f\u00fcr diesen Zweck geeignet ist.", "result": "Die vorgeschlagene Hardware wurde eingesetzt und auch das anvisierte SAN ist, nach ein paar anf\u00e4nglichen Schwierigkeiten, die ich zusammen mit den beteiligten Dienstleistern jedoch ausmerzen konnte, mittlerweile erfolgreich im Einsatz.", "number": 10, "company": 2, "skills": [6, 8, 12, 15, 24, 29]}}, {"model": "par.par", "pk": 13, "fields": {"name": "Erweiterung der Storage Infrastruktur", "problem": "Die Speicherkapazit\u00e4t auf den Dateisystemen wurde zu knapp, so dass eine Hardware Erweiterung von unserem Outsourcing Partner geplant wurde.", "action": "Auf einer Infromationsveranstaltung haben mein Vorgesetzter und ich einen Bekannten meines Vorgesetzten getroffen, der uns am selben Abend zur Jahresfeier seines Arbeitgebers eingeladen hat.  Auf dieser Feier habe ich dann einen Account Manager eines ISCSI SAN Hersteller kennen gelernt und habe ihm unsere Situation geschildert. Er hat mir dann auch kurzfristig ein Alternativangebot zu gesendet.", "result": "Das deutlich g\u00fcnstigere Angebot wurde angenommen und das System ist bis heute st\u00f6rungsfrei im Einsatz und die Kostenersparnis war enorm.", "number": 11, "company": 2, "skills": [8, 12, 14, 25, 29]}}, {"model": "par.par", "pk": 14, "fields": {"name": "Erneuerung Virenscanner-Lizenzen", "problem": "Da die Lizenzen f\u00fcr die von uns auf den E-Mail Gateways eingesetzten Viren Scannern aus-liefen, mussten diese erneuert werden.", "action": "Ich habe nach Alternativen gesucht und dabei auch eine vollst\u00e4ndige Strukturver\u00e4nderung in Erw\u00e4gung gezogen. Da dies eine deutliche Kosten-Einsparung bedeutete, habe ich diese Idee konsequent weiter verfolgt und schlie\u00dflich eine v\u00f6llig neue Security Infrastruktur geplant, bei der sowohl das E-Mail als auch das Internet Gateway sowie die Firewall durch eine UTM Appliance ersetzt wurden.", "result": "Die L\u00f6sung l\u00e4uft bis heute zufriedenstellend. Die neue Infrastruktur konnte Kosten neutral eingef\u00fchrt werden und ersparte uns im Nachhinein die Aufw\u00e4nde f\u00fcr die Erneuerung der anderen Komponenten. Dar\u00fcber hinaus ist die neue L\u00f6sung ein ausfallsicherer HA Cluster und leichter zu administrieren. Insgesamt also eine Nachhaltigere L\u00f6sung.", "number": 12, "company": 2, "skills": [6, 8, 12, 24, 29]}}, {"model": "par.par", "pk": 15, "fields": {"name": "Erneuerung Netzwerk-Infrastruktur LAN", "problem": "Im Rahmen des Umzugs der Revios in den Mediapark wurde vom Outsourcing Partner nahe gelegt, die Hardware der Netzwerk-Infrastruktur zu erneuern. Der Vorstand hat dem zugestimmt und wollte die vorgeschlagene L\u00f6sung nach Pr\u00fcfung durch mich \u00fcbernehmen.", "action": "Aufgrund der deutlich kleineren Betriebsgr\u00f6\u00dfe nach dem Ausscheiden aus dem Gerling Konzern,  erschien mir der Vorschlag zu teuer. Nach ausf\u00fchrlicher Besch\u00e4ftigung mit den Anforderungen und Evaluierung der M\u00f6glichen Alternativen, habe ich einen Gegenvorschlag ausgearbeitet, der die Kosten auf ein drittel reduzierte.", "result": "Mein Vorschlag wurde angenommen und umgesetzt. Die Infrastruktur lief bis zu meinem Ausscheiden st\u00f6rungsfrei und zu unserer vollsten Zufriedenheit.", "number": 14, "company": 2, "skills": [6, 8, 12, 18, 24, 29]}}, {"model": "par.par", "pk": 16, "fields": {"name": "\u00dcbergabe Softwareentwicklung Tele-UW", "problem": "Kurz bevor ich die SCOR verlassen wollte, musste ein weiterer Kollege das Programmieren in der eingesetzten Entwicklungsumgebung beigebracht und die Funktionsweise der bestehenden Softwarel\u00f6sung erkl\u00e4rt werden, damit dieser meine T\u00e4tigkeiten weiter f\u00fchren konnte.", "action": "Ich habe zusammen mit einem Kollegen das gesamte L\u00f6sung noch einmal neu implementiert und ihn gleichzeitig an die verwendeten Systeme herangef\u00fchrt.", "result": "Die neue Version ist nach rund 6 Wochen einsatzbereit gewesen und mein Kollege ist mittlerweile in der Lage, selbst\u00e4ndig \u00c4nderungen am System vorzunehmen.", "number": 19, "company": 4, "skills": [3, 22, 26, 27]}}, {"model": "par.par", "pk": 17, "fields": {"name": "System-Infrastruktur Tele-UW", "problem": "F\u00fcr die selbst entwickelte Softwarekomponente wurde eine Hardware Infrastruktur ben\u00f6tigt, die m\u00f6glichst ausfallsicher sein sollte, damit Interviews auch au\u00dferhalb der normalen Gesch\u00e4ftszeiten st\u00f6rungsfrei stattfinden k\u00f6nnen.", "action": "Aufgrund der IT Strategie\u00e4nderung, weg von SAP, standen drei Server-Systeme zur Verf\u00fcgung, die nicht mehr ben\u00f6tigt wurden. Ich habe selbst\u00e4ndig eine m\u00f6gliche Konfiguration geplant, implementiert und mit Unterst\u00fctzung von Kollegen getestet.", "result": "Die drei Systeme sind im produktiven Einsatz, wobei ein System zur Pr\u00e4sentation beim Kunden im Internet erreichbar ist und die anderen beiden als Aktive-Passiv Cluster f\u00fcr den produktiven Einsatz Hausintern genutzt werden.", "number": 18, "company": 4, "skills": [2, 6, 12]}}, {"model": "par.par", "pk": 18, "fields": {"name": "Softwareentwicklung Tele-UW", "problem": "Da die eingesetzten Software L\u00f6sungen jeweils nur einen Teil der ben\u00f6tigten Funktionalit\u00e4t bieten, musste eine kurzfristig implementierbare L\u00f6sung gefunden werden, die die fehlenden Funktionalit\u00e4ten abdeckt.", "action": "Ich habe angeboten, eine entsprechende Web basierte Software auf Basis von Ruby on Rails, dass ich bereits privat genutzt hatte, selbst zu Entwickeln.", "result": "Der Prototyp der Software war nach ca. 6 Wochen einsatzbereit.", "number": 17, "company": 2, "skills": [4, 6, 12, 28]}}, {"model": "par.par", "pk": 19, "fields": {"name": "Software-Evaluierung Tele-UW", "problem": "Die Dienstleistung des Vertragspartners stand nach dem Verkauf des Callcenters nicht mehr zur Verf\u00fcgung und es musste eine Alternative gefunden werden. Die vom Callcenter eingesetzte Software erwies sich dar\u00fcber hinaus als ungeeignet f\u00fcr den geplanten Umfang an Fragen.", "action": "Ich habe durch Gespr\u00e4che mit dem Software-Hersteller die Problematik er\u00f6rtert und dann gezielt nach Software gesucht, die mit sehr gro\u00dfen Frageb\u00f6gen (bis zu 6000 Einzelfragen) umgehen kann, diese in einer Matrix zusammengestellt und eine Empfehlung daraus erarbeitet.", "result": "Es wurden vier geeignete Software-Anbieter ausgew\u00e4hlt mit denen wir Verhandelt haben und zwei L\u00f6sungen hiervon werden jetzt parallel eingesetzt.", "number": 16, "company": 2, "skills": [5, 6, 27]}}, {"model": "par.par", "pk": 20, "fields": {"name": "Kickoff Tele-Underwriting (Tele-UW)", "problem": "F\u00fcr eine das Tele-Underwriting Projekt wurde eine Software zur Unterst\u00fctzung der Mitarbeiter bei der Durchf\u00fchrung von Interviews gesucht.", "action": "Durch Analyse der Software von Konkurrenz-Anbietern und durch Gespr\u00e4che mit m\u00f6glichen Partnern habe ich mit meinem Vorgesetzten zusammen in Frage kommende Dienstleister angesprochen und entsprechende Angebote eingeholt.", "result": "Die Entscheidung viel auf ein Callcenter als Voll-Dienstleister, das sowohl Arbeitspl\u00e4tze f\u00fcr die Mitarbeiter, sowie eine Software bereit stellen sollte.", "number": 15, "company": 2, "skills": [5, 11, 28]}}, {"model": "par.par", "pk": 21, "fields": {"name": "\u00dcbergabe Systemadministration Tele-UW", "problem": "Die in PAR 20 genannten Gr\u00fcnde treffen auch auf die Administration der Server-Systeme zu.", "action": "Ich habe eine Kollegen den grundlegenden Aufbau der Systeme erkl\u00e4rt und einen genauen Notma\u00dfnahmen Katalog aufgestellt. Dar\u00fcber hinaus habe ich alle Dienste in unsere Monitoring-Umgebung aufgenommen, so dass Ausf\u00e4lle sofort an diese Kollegen gemeldet werden.", "result": "Anhand des Notma\u00dfnahmen Kataloges sind meine Kollegen nun in der Lage, auf Ausf\u00e4lle in der Systemlandschaft richtig zu reagieren und das System am Laufen zu halten.", "number": 20, "company": 4, "skills": [3, 22, 26, 27]}}]